Metric,SingleModel,weekBatchRetrain
TotalGames,1080.0,1055.0
CorrectPredictions,862.0,729.0
Accuracy,0.7981481481481482,0.6909952606635071
AverageSpreadError,6.864537037037038,8.176872037914693
