Metric,SingleModel,weekBatchRetrain
TotalGames,1011.0,986.0
CorrectPredictions,818.0,694.0
Accuracy,0.8090999010880316,0.7038539553752535
AverageSpreadError,6.600197823936696,8.109634888438132
