Metric,SingleModel,weekBatchRetrain
TotalGames,669.0,644.0
CorrectPredictions,561.0,457.0
Accuracy,0.8385650224215246,0.7096273291925466
AverageSpreadError,5.915097159940209,8.138819875776397
