Metric,SingleModel,weekBatchRetrain
TotalGames,1160.0,1135.0
CorrectPredictions,946.0,786.0
Accuracy,0.8155172413793104,0.6925110132158591
AverageSpreadError,6.998448275862069,8.120969162995594
