Metric,SingleModel,weekBatchRetrain
TotalGames,872.0,847.0
CorrectPredictions,711.0,581.0
Accuracy,0.8153669724770642,0.6859504132231405
AverageSpreadError,6.483256880733944,8.196930342384887
