Metric,SingleModel,weekBatchRetrain
TotalGames,1219.0,1194.0
CorrectPredictions,979.0,822.0
Accuracy,0.8031173092698933,0.6884422110552764
AverageSpreadError,6.810008203445447,8.366331658291458
