Metric,SingleModel,weekBatchRetrain
TotalGames,456.0,431.0
CorrectPredictions,390.0,301.0
Accuracy,0.8552631578947368,0.6983758700696056
AverageSpreadError,4.953070175438596,7.244083526682134
