Metric,SingleModel,weekBatchRetrain
TotalGames,1158.0,1133.0
CorrectPredictions,941.0,805.0
Accuracy,0.812607944732297,0.7105030891438658
AverageSpreadError,6.8721070811744385,8.238040600176523
