Metric,SingleModel,weekBatchRetrain
TotalGames,463.0,438.0
CorrectPredictions,396.0,320.0
Accuracy,0.8552915766738661,0.730593607305936
AverageSpreadError,5.119438444924406,7.460045662100456
