Metric,SingleModel,weekBatchRetrain
TotalGames,419.0,394.0
CorrectPredictions,369.0,285.0
Accuracy,0.8806682577565632,0.7233502538071066
AverageSpreadError,4.707398568019093,7.302030456852792
