Metric,SingleModel,weekBatchRetrain
TotalGames,367.0,342.0
CorrectPredictions,321.0,245.0
Accuracy,0.8746594005449592,0.716374269005848
AverageSpreadError,4.651226158038147,7.230701754385965
