Metric,SingleModel,weekBatchRetrain
TotalGames,402.0,377.0
CorrectPredictions,350.0,272.0
Accuracy,0.8706467661691543,0.7214854111405835
AverageSpreadError,4.669154228855722,7.372413793103449
