Metric,SingleModel,weekBatchRetrain
TotalGames,857.0,832.0
CorrectPredictions,692.0,572.0
Accuracy,0.8074679113185531,0.6875
AverageSpreadError,6.539673278879813,8.202043269230769
