Metric,SingleModel,weekBatchRetrain
TotalGames,477.0,452.0
CorrectPredictions,409.0,328.0
Accuracy,0.8574423480083857,0.7256637168141593
AverageSpreadError,5.38846960167715,7.366150442477876
