Metric,SingleModel,weekBatchRetrain
TotalGames,799.0,774.0
CorrectPredictions,651.0,528.0
Accuracy,0.8147684605757196,0.6821705426356589
AverageSpreadError,6.329662077596995,8.03578811369509
