Metric,SingleModel,weekBatchRetrain
TotalGames,367.0,342.0
CorrectPredictions,321.0,251.0
Accuracy,0.8746594005449592,0.7339181286549707
AverageSpreadError,4.658310626702997,7.266081871345029
