Metric,SingleModel,weekBatchRetrain
TotalGames,941.0,916.0
CorrectPredictions,762.0,625.0
Accuracy,0.8097768331562167,0.6823144104803494
AverageSpreadError,6.43124335812965,8.018995633187773
