Metric,SingleModel,weekBatchRetrain
TotalGames,602.0,577.0
CorrectPredictions,497.0,408.0
Accuracy,0.8255813953488372,0.707105719237435
AverageSpreadError,5.656810631229236,7.843674176776428
