Metric,SingleModel,weekBatchRetrain
TotalGames,710.0,685.0
CorrectPredictions,594.0,468.0
Accuracy,0.8366197183098592,0.6832116788321168
AverageSpreadError,6.091549295774648,8.16905109489051
