Metric,SingleModel,weekBatchRetrain
TotalGames,1037.0,1012.0
CorrectPredictions,824.0,694.0
Accuracy,0.7945998071359691,0.6857707509881423
AverageSpreadError,6.798649951783993,8.123715415019763
