Metric,SingleModel,weekBatchRetrain
TotalGames,1066.0,1041.0
CorrectPredictions,847.0,726.0
Accuracy,0.7945590994371482,0.6974063400576369
AverageSpreadError,6.6627579737335845,8.141402497598463
