Metric,SingleModel,weekBatchRetrain
TotalGames,823.0,798.0
CorrectPredictions,671.0,549.0
Accuracy,0.8153098420413123,0.6879699248120301
AverageSpreadError,6.3210206561360875,7.9968671679198
