Metric,SingleModel,weekBatchRetrain
TotalGames,997.0,972.0
CorrectPredictions,801.0,675.0
Accuracy,0.8034102306920762,0.6944444444444444
AverageSpreadError,6.575526579739217,7.988168724279835
