Metric,SingleModel,weekBatchRetrain
TotalGames,1058.0,1033.0
CorrectPredictions,847.0,718.0
Accuracy,0.8005671077504726,0.6950629235237173
AverageSpreadError,6.735066162570889,8.12594385285576
