Metric,SingleModel,weekBatchRetrain
TotalGames,848.0,823.0
CorrectPredictions,695.0,553.0
Accuracy,0.8195754716981132,0.6719319562575942
AverageSpreadError,6.3521226415094345,8.241676792223572
