Metric,SingleModel,weekBatchRetrain
TotalGames,1102.0,1077.0
CorrectPredictions,883.0,749.0
Accuracy,0.8012704174228675,0.6954503249767874
AverageSpreadError,6.898729582577132,8.250046425255338
