Metric,SingleModel,weekBatchRetrain
TotalGames,779.0,754.0
CorrectPredictions,643.0,514.0
Accuracy,0.8254172015404364,0.6816976127320955
AverageSpreadError,6.293453145057767,8.038063660477455
