Metric,SingleModel,weekBatchRetrain
TotalGames,642.0,617.0
CorrectPredictions,535.0,430.0
Accuracy,0.8333333333333334,0.6969205834683955
AverageSpreadError,5.900623052959501,7.938411669367908
