Metric,SingleModel,weekBatchRetrain
TotalGames,799.0,774.0
CorrectPredictions,660.0,530.0
Accuracy,0.8260325406758448,0.6847545219638242
AverageSpreadError,6.525782227784731,7.951033591731266
