Metric,SingleModel,weekBatchRetrain
TotalGames,957.0,932.0
CorrectPredictions,775.0,627.0
Accuracy,0.8098223615464994,0.6727467811158798
AverageSpreadError,6.503657262277952,8.104828326180257
