Metric,SingleModel,weekBatchRetrain
TotalGames,390.0,365.0
CorrectPredictions,344.0,266.0
Accuracy,0.882051282051282,0.7287671232876712
AverageSpreadError,4.834871794871796,7.404657534246575
