Metric,SingleModel,weekBatchRetrain
TotalGames,617.0,592.0
CorrectPredictions,510.0,419.0
Accuracy,0.826580226904376,0.7077702702702703
AverageSpreadError,5.738897893030794,7.851013513513513
