Metric,SingleModel,weekBatchRetrain
TotalGames,367.0,342.0
CorrectPredictions,326.0,249.0
Accuracy,0.888283378746594,0.7280701754385965
AverageSpreadError,4.792098092643052,7.2631578947368425
