Metric,SingleModel,weekBatchRetrain
TotalGames,1132.0,1107.0
CorrectPredictions,904.0,770.0
Accuracy,0.7985865724381626,0.6955736224028907
AverageSpreadError,6.8269434628975265,8.256187895212285
