Metric,SingleModel,weekBatchRetrain
TotalGames,657.0,632.0
CorrectPredictions,545.0,439.0
Accuracy,0.8295281582952816,0.694620253164557
AverageSpreadError,6.082039573820396,8.169620253164556
