Metric,SingleModel,weekBatchRetrain
TotalGames,609.0,584.0
CorrectPredictions,508.0,407.0
Accuracy,0.8341543513957307,0.696917808219178
AverageSpreadError,5.683251231527094,7.81763698630137
