Metric,SingleModel,weekBatchRetrain
TotalGames,1117.0,1092.0
CorrectPredictions,894.0,762.0
Accuracy,0.8003581020590869,0.6978021978021978
AverageSpreadError,6.861683079677707,8.217765567765568
