Metric,SingleModel,weekBatchRetrain
TotalGames,1142.0,1117.0
CorrectPredictions,925.0,769.0
Accuracy,0.8099824868651488,0.6884512085944494
AverageSpreadError,6.8608581436077065,8.23715308863026
