Metric,SingleModel,weekBatchRetrain
TotalGames,373.0,348.0
CorrectPredictions,321.0,254.0
Accuracy,0.8605898123324397,0.7298850574712644
AverageSpreadError,4.599463806970509,7.448275862068965
