Metric,SingleModel,weekBatchRetrain
TotalGames,1042.0,1017.0
CorrectPredictions,840.0,703.0
Accuracy,0.8061420345489443,0.6912487708947886
AverageSpreadError,6.790978886756238,8.12251720747296
