Metric,SingleModel,weekBatchRetrain
TotalGames,1170.0,1145.0
CorrectPredictions,960.0,800.0
Accuracy,0.8205128205128205,0.6986899563318777
AverageSpreadError,6.7474358974358974,8.242008733624454
