Metric,SingleModel,weekBatchRetrain
TotalGames,639.0,614.0
CorrectPredictions,537.0,428.0
Accuracy,0.8403755868544601,0.6970684039087948
AverageSpreadError,5.796244131455398,7.927035830618892
