Metric,SingleModel,weekBatchRetrain
TotalGames,957.0,932.0
CorrectPredictions,770.0,648.0
Accuracy,0.8045977011494253,0.6952789699570815
AverageSpreadError,6.530198537095089,8.085515021459226
