Metric,SingleModel,weekBatchRetrain
TotalGames,1094.0,1069.0
CorrectPredictions,873.0,741.0
Accuracy,0.7979890310786106,0.6931711880261927
AverageSpreadError,6.828610603290676,8.256314312441534
