Metric,SingleModel,weekBatchRetrain
TotalGames,1225.0,1200.0
CorrectPredictions,985.0,838.0
Accuracy,0.8040816326530612,0.6983333333333334
AverageSpreadError,6.740979591836734,8.3625
