Metric,SingleModel,weekBatchRetrain
TotalGames,596.0,571.0
CorrectPredictions,507.0,396.0
Accuracy,0.8506711409395973,0.6935201401050788
AverageSpreadError,5.7302013422818785,7.84535901926445
