Metric,SingleModel,weekBatchRetrain
TotalGames,689.0,664.0
CorrectPredictions,575.0,467.0
Accuracy,0.8345428156748912,0.7033132530120482
AverageSpreadError,5.968505079825835,8.001656626506024
