Metric,SingleModel,weekBatchRetrain
TotalGames,1027.0,1002.0
CorrectPredictions,822.0,690.0
Accuracy,0.8003894839337877,0.688622754491018
AverageSpreadError,6.728237585199611,8.137624750499002
