Metric,SingleModel,weekBatchRetrain
TotalGames,564.0,539.0
CorrectPredictions,479.0,381.0
Accuracy,0.849290780141844,0.7068645640074211
AverageSpreadError,5.359397163120567,7.595918367346939
