Metric,SingleModel,weekBatchRetrain
TotalGames,549.0,524.0
CorrectPredictions,460.0,373.0
Accuracy,0.8378870673952641,0.7118320610687023
AverageSpreadError,5.4890710382513666,7.566221374045802
