Metric,SingleModel,weekBatchRetrain
TotalGames,1050.0,1025.0
CorrectPredictions,840.0,717.0
Accuracy,0.8,0.6995121951219512
AverageSpreadError,6.7912380952380955,8.135024390243904
