Metric,SingleModel,weekBatchRetrain
TotalGames,833.0,808.0
CorrectPredictions,683.0,545.0
Accuracy,0.8199279711884754,0.6745049504950495
AverageSpreadError,6.4487394957983195,8.16868811881188
