Metric,SingleModel,weekBatchRetrain
TotalGames,1200.0,1175.0
CorrectPredictions,977.0,814.0
Accuracy,0.8141666666666667,0.6927659574468085
AverageSpreadError,6.872916666666667,8.421191489361702
