Metric,SingleModel,weekBatchRetrain
TotalGames,809.0,784.0
CorrectPredictions,669.0,522.0
Accuracy,0.826946847960445,0.6658163265306123
AverageSpreadError,6.226205191594561,8.051275510204082
