Metric,SingleModel,weekBatchRetrain
TotalGames,441.0,416.0
CorrectPredictions,379.0,296.0
Accuracy,0.8594104308390023,0.7115384615384616
AverageSpreadError,4.973015873015873,7.352403846153846
