Metric,SingleModel,weekBatchRetrain
TotalGames,925.0,900.0
CorrectPredictions,733.0,606.0
Accuracy,0.7924324324324324,0.6733333333333333
AverageSpreadError,6.754270270270271,8.14788888888889
