Metric,SingleModel,weekBatchRetrain
TotalGames,1072.0,1047.0
CorrectPredictions,865.0,724.0
Accuracy,0.8069029850746269,0.6914995224450812
AverageSpreadError,6.875373134328359,8.180897803247374
