Metric,SingleModel,weekBatchRetrain
TotalGames,424.0,399.0
CorrectPredictions,372.0,289.0
Accuracy,0.8773584905660378,0.7243107769423559
AverageSpreadError,4.730896226415094,7.354636591478696
