Metric,SingleModel,weekBatchRetrain
TotalGames,564.0,539.0
CorrectPredictions,478.0,382.0
Accuracy,0.8475177304964538,0.7087198515769945
AverageSpreadError,5.587765957446808,7.664378478664194
