Metric,SingleModel,weekBatchRetrain
TotalGames,1180.0,1155.0
CorrectPredictions,948.0,804.0
Accuracy,0.8033898305084746,0.6961038961038961
AverageSpreadError,6.800169491525424,8.271948051948051
