Metric,SingleModel,weekBatchRetrain
TotalGames,903.0,878.0
CorrectPredictions,748.0,607.0
Accuracy,0.8283499446290143,0.6913439635535308
AverageSpreadError,6.381506090808417,8.028701594533029
