Metric,SingleModel,weekBatchRetrain
TotalGames,738.0,713.0
CorrectPredictions,609.0,492.0
Accuracy,0.8252032520325203,0.6900420757363254
AverageSpreadError,6.2598915989159885,8.073913043478262
