Metric,SingleModel,weekBatchRetrain
TotalGames,696.0,671.0
CorrectPredictions,578.0,460.0
Accuracy,0.8304597701149425,0.6855439642324889
AverageSpreadError,6.192816091954023,8.082116244411328
