Metric,SingleModel,weekBatchRetrain
TotalGames,705.0,680.0
CorrectPredictions,572.0,472.0
Accuracy,0.8113475177304964,0.6941176470588235
AverageSpreadError,6.2458156028368785,8.152058823529412
