Metric,SingleModel,weekBatchRetrain
TotalGames,1200.0,1175.0
CorrectPredictions,974.0,831.0
Accuracy,0.8116666666666666,0.7072340425531914
AverageSpreadError,6.68625,8.315914893617022
