Metric,SingleModel,weekBatchRetrain
TotalGames,387.0,362.0
CorrectPredictions,339.0,251.0
Accuracy,0.875968992248062,0.6933701657458563
AverageSpreadError,4.71343669250646,7.268232044198895
