Metric,SingleModel,weekBatchRetrain
TotalGames,582.0,557.0
CorrectPredictions,484.0,376.0
Accuracy,0.8316151202749141,0.6750448833034112
AverageSpreadError,5.589862542955327,7.836804308797128
