Metric,SingleModel,weekBatchRetrain
TotalGames,857.0,832.0
CorrectPredictions,697.0,574.0
Accuracy,0.8133022170361727,0.6899038461538461
AverageSpreadError,6.457992998833139,8.268149038461539
