Metric,SingleModel,weekBatchRetrain
TotalGames,720.0,695.0
CorrectPredictions,590.0,469.0
Accuracy,0.8194444444444444,0.6748201438848921
AverageSpreadError,6.246111111111112,8.033525179856115
