Metric,SingleModel,weekBatchRetrain
TotalGames,1217.0,1192.0
CorrectPredictions,985.0,828.0
Accuracy,0.80936729663106,0.6946308724832215
AverageSpreadError,6.863270336894002,8.247231543624162
