Metric,SingleModel,weekBatchRetrain
TotalGames,373.0,348.0
CorrectPredictions,332.0,256.0
Accuracy,0.8900804289544236,0.735632183908046
AverageSpreadError,4.63485254691689,7.317816091954024
