Metric,SingleModel,weekBatchRetrain
TotalGames,1185.0,1160.0
CorrectPredictions,950.0,794.0
Accuracy,0.8016877637130801,0.6844827586206896
AverageSpreadError,6.947679324894515,8.203879310344828
