Metric,SingleModel,weekBatchRetrain
TotalGames,981.0,956.0
CorrectPredictions,801.0,665.0
Accuracy,0.8165137614678899,0.6956066945606695
AverageSpreadError,6.322324159021408,8.041631799163179
