Metric,SingleModel,weekBatchRetrain
TotalGames,751.0,726.0
CorrectPredictions,633.0,502.0
Accuracy,0.8428761651131824,0.6914600550964187
AverageSpreadError,6.1844207723035955,8.174380165289257
