Metric,SingleModel,weekBatchRetrain
TotalGames,989.0,964.0
CorrectPredictions,804.0,666.0
Accuracy,0.8129423660262892,0.6908713692946058
AverageSpreadError,6.6610717896865514,8.080601659751038
