Metric,SingleModel,weekBatchRetrain
TotalGames,469.0,444.0
CorrectPredictions,404.0,322.0
Accuracy,0.8614072494669509,0.7252252252252253
AverageSpreadError,5.3315565031982945,7.48018018018018
