Metric,SingleModel,weekBatchRetrain
TotalGames,673.0,648.0
CorrectPredictions,563.0,452.0
Accuracy,0.836552748885587,0.6975308641975309
AverageSpreadError,6.207726597325409,7.929475308641976
