Metric,SingleModel,weekBatchRetrain
TotalGames,622.0,597.0
CorrectPredictions,513.0,412.0
Accuracy,0.8247588424437299,0.6901172529313233
AverageSpreadError,5.871221864951768,7.931658291457286
