Metric,SingleModel,weekBatchRetrain
TotalGames,794.0,769.0
CorrectPredictions,643.0,526.0
Accuracy,0.809823677581864,0.6840052015604682
AverageSpreadError,6.170528967254407,8.006241872561768
