Metric,SingleModel,weekBatchRetrain
TotalGames,630.0,605.0
CorrectPredictions,527.0,429.0
Accuracy,0.8365079365079365,0.7090909090909091
AverageSpreadError,5.864126984126984,7.848429752066115
