Metric,SingleModel,weekBatchRetrain
TotalGames,799.0,774.0
CorrectPredictions,652.0,526.0
Accuracy,0.8160200250312891,0.6795865633074936
AverageSpreadError,6.4050062578222775,7.991343669250645
