Metric,SingleModel,weekBatchRetrain
TotalGames,1126.0,1101.0
CorrectPredictions,916.0,773.0
Accuracy,0.8134991119005328,0.7020890099909174
AverageSpreadError,6.782060390763766,8.244050862851953
