Metric,SingleModel,weekBatchRetrain
TotalGames,1110.0,1085.0
CorrectPredictions,895.0,745.0
Accuracy,0.8063063063063063,0.6866359447004609
AverageSpreadError,6.726756756756756,8.28626728110599
