Metric,SingleModel,weekBatchRetrain
TotalGames,587.0,562.0
CorrectPredictions,488.0,390.0
Accuracy,0.8313458262350937,0.693950177935943
AverageSpreadError,5.8129471890971045,7.644128113879003
