Metric,SingleModel,weekBatchRetrain
TotalGames,799.0,774.0
CorrectPredictions,649.0,538.0
Accuracy,0.8122653316645807,0.6950904392764858
AverageSpreadError,6.303754693366709,7.91421188630491
