Metric,SingleModel,weekBatchRetrain
TotalGames,367.0,342.0
CorrectPredictions,322.0,244.0
Accuracy,0.8773841961852861,0.7134502923976608
AverageSpreadError,4.771934604904633,7.302631578947368
