Metric,SingleModel,weekBatchRetrain
TotalGames,799.0,774.0
CorrectPredictions,649.0,534.0
Accuracy,0.8122653316645807,0.689922480620155
AverageSpreadError,6.216520650813517,8.133850129198967
