Metric,SingleModel,weekBatchRetrain
TotalGames,419.0,394.0
CorrectPredictions,368.0,286.0
Accuracy,0.8782816229116945,0.7258883248730964
AverageSpreadError,4.79546539379475,7.412690355329948
