Metric,SingleModel,weekBatchRetrain
TotalGames,887.0,862.0
CorrectPredictions,728.0,586.0
Accuracy,0.8207440811724915,0.679814385150812
AverageSpreadError,6.582299887260429,8.201740139211136
