Metric,SingleModel,weekBatchRetrain
TotalGames,602.0,577.0
CorrectPredictions,505.0,401.0
Accuracy,0.8388704318936877,0.6949740034662045
AverageSpreadError,5.524252491694352,7.736048526863085
