Metric,SingleModel,weekBatchRetrain
TotalGames,765.0,740.0
CorrectPredictions,627.0,510.0
Accuracy,0.8196078431372549,0.6891891891891891
AverageSpreadError,6.028366013071895,7.9867567567567574
