Metric,SingleModel,weekBatchRetrain
TotalGames,775.0,750.0
CorrectPredictions,635.0,516.0
Accuracy,0.8193548387096774,0.688
AverageSpreadError,6.3109677419354835,8.074666666666667
