Metric,SingleModel,weekBatchRetrain
TotalGames,744.0,719.0
CorrectPredictions,610.0,494.0
Accuracy,0.8198924731182796,0.6870653685674548
AverageSpreadError,6.385215053763441,8.08038942976356
