Metric,SingleModel,weekBatchRetrain
TotalGames,656.0,631.0
CorrectPredictions,543.0,431.0
Accuracy,0.8277439024390244,0.6830427892234548
AverageSpreadError,6.058079268292683,8.003486529318542
