Metric,SingleModel,weekBatchRetrain
TotalGames,673.0,648.0
CorrectPredictions,561.0,445.0
Accuracy,0.8335809806835067,0.6867283950617284
AverageSpreadError,5.982763744427934,8.057716049382716
