Metric,SingleModel,weekBatchRetrain
TotalGames,894.0,869.0
CorrectPredictions,734.0,589.0
Accuracy,0.8210290827740492,0.6777905638665133
AverageSpreadError,6.396085011185682,8.211162255466053
