Metric,SingleModel,weekBatchRetrain
TotalGames,545.0,520.0
CorrectPredictions,465.0,367.0
Accuracy,0.8532110091743119,0.7057692307692308
AverageSpreadError,5.404036697247706,7.650192307692309
