Metric,SingleModel,weekBatchRetrain
TotalGames,405.0,380.0
CorrectPredictions,358.0,270.0
Accuracy,0.8839506172839506,0.7105263157894737
AverageSpreadError,4.724938271604938,7.328684210526317
