Metric,SingleModel,weekBatchRetrain
TotalGames,762.0,737.0
CorrectPredictions,625.0,502.0
Accuracy,0.8202099737532809,0.6811397557666214
AverageSpreadError,6.282283464566929,7.9198100407055625
