Metric,SingleModel,weekBatchRetrain
TotalGames,433.0,408.0
CorrectPredictions,377.0,290.0
Accuracy,0.8706697459584296,0.7107843137254902
AverageSpreadError,4.7727482678983835,7.269607843137255
