Metric,SingleModel,weekBatchRetrain
TotalGames,549.0,524.0
CorrectPredictions,470.0,367.0
Accuracy,0.8561020036429873,0.700381679389313
AverageSpreadError,5.39344262295082,7.4828244274809155
