Metric,SingleModel,weekBatchRetrain
TotalGames,799.0,774.0
CorrectPredictions,661.0,529.0
Accuracy,0.8272841051314143,0.6834625322997416
AverageSpreadError,6.366082603254068,8.03423772609819
