Metric,SingleModel,weekBatchRetrain
TotalGames,933.0,908.0
CorrectPredictions,759.0,633.0
Accuracy,0.8135048231511254,0.697136563876652
AverageSpreadError,6.4376205787781355,8.073788546255505
