Metric,SingleModel,weekBatchRetrain
TotalGames,387.0,362.0
CorrectPredictions,330.0,265.0
Accuracy,0.8527131782945736,0.7320441988950276
AverageSpreadError,4.782945736434108,7.35303867403315
