Metric,SingleModel,weekBatchRetrain
TotalGames,971.0,946.0
CorrectPredictions,780.0,653.0
Accuracy,0.8032955715756952,0.6902748414376322
AverageSpreadError,6.460762100926879,7.996194503171247
