Metric,SingleModel,weekBatchRetrain
TotalGames,373.0,348.0
CorrectPredictions,327.0,246.0
Accuracy,0.8766756032171582,0.7068965517241379
AverageSpreadError,4.696782841823056,7.335344827586207
