Metric,SingleModel,weekBatchRetrain
TotalGames,818.0,793.0
CorrectPredictions,675.0,537.0
Accuracy,0.8251833740831296,0.6771752837326608
AverageSpreadError,6.293765281173594,8.030517023959648
