Metric,SingleModel,weekBatchRetrain
TotalGames,1087.0,1062.0
CorrectPredictions,877.0,726.0
Accuracy,0.8068077276908924,0.6836158192090396
AverageSpreadError,6.621435142594296,8.190112994350281
