Metric,SingleModel,weekBatchRetrain
TotalGames,911.0,886.0
CorrectPredictions,760.0,602.0
Accuracy,0.8342480790340285,0.6794582392776524
AverageSpreadError,6.597914379802416,8.149322799097067
