Metric,SingleModel,weekBatchRetrain
TotalGames,1022.0,997.0
CorrectPredictions,814.0,690.0
Accuracy,0.7964774951076321,0.6920762286860582
AverageSpreadError,6.546868884540117,8.116649949849549
