Metric,SingleModel,weekBatchRetrain
TotalGames,1219.0,1194.0
CorrectPredictions,987.0,825.0
Accuracy,0.8096800656275636,0.6909547738693468
AverageSpreadError,6.8780147662018045,8.312311557788945
