Metric,SingleModel,weekBatchRetrain
TotalGames,841.0,816.0
CorrectPredictions,701.0,567.0
Accuracy,0.8335315101070154,0.6948529411764706
AverageSpreadError,6.369203329369798,8.13174019607843
