Metric,SingleModel,weekBatchRetrain
TotalGames,1147.0,1122.0
CorrectPredictions,925.0,785.0
Accuracy,0.8064516129032258,0.6996434937611408
AverageSpreadError,6.767654751525719,8.269162210338681
