Metric,SingleModel,weekBatchRetrain
TotalGames,953.0,928.0
CorrectPredictions,748.0,632.0
Accuracy,0.7848898216159497,0.6810344827586207
AverageSpreadError,6.832004197271773,7.990517241379311
