Metric,SingleModel,weekBatchRetrain
TotalGames,878.0,853.0
CorrectPredictions,724.0,591.0
Accuracy,0.8246013667425968,0.6928487690504103
AverageSpreadError,6.464236902050114,8.244079718640094
