Metric,SingleModel,weekBatchRetrain
TotalGames,1007.0,982.0
CorrectPredictions,800.0,679.0
Accuracy,0.7944389275074478,0.6914460285132383
AverageSpreadError,6.742005958291955,8.175560081466395
